{"cameraMode":{"drawMode":0,"name":"Shaded","section":"Shading Mode"},"sceneLighting":false,"audioPlay":false,"sceneViewState":{"showFog":true,"showMaterialUpdate":false,"showSkybox":false,"showFlares":true,"showImageEffects":true,"showParticleSystems":true},"in2DMode":false,"pivot":{"x":-12095.9931640625,"y":3612.453857421875,"z":90.0},"rotation":{"x":-0.0467853918671608,"y":-0.017382945865392686,"z":0.000814274710137397,"w":-0.998754620552063},"size":16.853111267089845,"orthographic":false}